asset_id	destination_file	source_file	primary_roles	purpose_based_alt	prototype_approval	launch_review
ASSET-253	public/images/collaboration-tiles.jpg	02-collect/assets/official-site-images/restricted-child-rights/ASSET-253--IMG_3859.jpg	Home opening; Approach play and relationships; Employment opening	An educator sits with four children as they build with translucent colored tiles outdoors.	Approved by user for this Garden Gate repository/preview project	Reconfirm current parent or guardian consent, photographer rights, crop, context, representation, and alt text before launch.
ASSET-005	public/images/material-table.jpg	02-collect/assets/official-site-images/restricted-child-rights/ASSET-005--Garden-Gate-CDC-Web-Banner.jpg	Home process detail; Programs Studio One; News feature	Paint, brushes, flowers, and water jars arranged on a Garden Gate work table.	Approved by user for this Garden Gate repository/preview project	Reconfirm current parent or guardian consent, photographer rights, crop, context, representation, and alt text before launch.
ASSET-009	public/images/featherstone-campus.jpg	02-collect/assets/official-site-images/restricted-child-rights/ASSET-009--GG-Building1.jpg	Featherstone setting; About; Contact	Garden Gate’s low gray building behind a white fence painted with colorful marks.	Approved by user for this Garden Gate repository/preview project	Confirm site identity, photograph rights, crop, current context, and final alt text before launch.
ASSET-006	public/images/painting-process.jpg	02-collect/assets/official-site-images/restricted-child-rights/ASSET-006--Exploring-Projects.jpg	Home process detail; Studio Two; support story	A child uses a fine brush while painting at a table with flowers and water jars.	Approved by user for this Garden Gate repository/preview project	Reconfirm current parent or guardian consent, photographer rights, crop, context, representation, and alt text before launch.
ASSET-007	public/images/clay-construction.jpg	02-collect/assets/official-site-images/restricted-child-rights/ASSET-007--Creative-Clay.jpg	Materials and art; Support introduction	Children’s hands fit wood wheels and metal pieces to a small clay construction.	Approved by user for this Garden Gate repository/preview project	Reconfirm current parent or guardian consent, photographer rights, crop, context, representation, and alt text before launch.
ASSET-254	public/images/observation-drawing.jpg	02-collect/assets/official-site-images/restricted-child-rights/ASSET-254--IMG_0683.jpg	Home approach; Approach observation and documentation; For Educators	Children draw in sketchbooks while seated near displayed artwork.	Approved by user for this Garden Gate repository/preview project	Reconfirm current parent or guardian consent, photographer rights, crop, context, displayed creative works, and alt text before launch.
ASSET-264	public/images/featherstone-deck.jpg	02-collect/assets/official-site-images/restricted-child-rights/ASSET-264--IMG_4401.jpg	Programs Summer; Current Families opening	Two children look at books and draw on a colorful mat on an outdoor deck.	Approved by user for this Garden Gate repository/preview project	Reconfirm current parent or guardian consent, photographer rights, crop, context, displayed creative works, and alt text before launch.
ASSET-139	public/images/project-group.jpg	02-collect/assets/official-site-images/restricted-child-rights/ASSET-139--IMG_8883.jpg	Approach projects over time	A small group of children works together with clay, natural pieces, and drawing tools.	Approved by user for this Garden Gate repository/preview project	Reconfirm current parent or guardian consent, photographer rights, crop, context, representation, and alt text before launch.
ASSET-250	public/images/belonging-hands.jpg	02-collect/assets/official-site-images/restricted-child-rights/ASSET-250--IMG_2185.jpg	Home belonging; Approach relationships; Enrollment opening	Two children hold hands while walking outdoors.	Approved by user for this Garden Gate repository/preview project	Reconfirm current parent or guardian consent, photographer rights, crop, context, representation, and alt text before launch.
ASSET-251	public/images/meadow-inquiry.jpg	02-collect/assets/official-site-images/restricted-child-rights/ASSET-251--IMG_7240.jpg	Home dated highlight; About place	Children move through tall meadow grasses in a wide outdoor area.	Approved by user for this Garden Gate repository/preview project	Reconfirm current parent or guardian consent, photographer rights, crop, context, representation, and alt text before launch.
ASSET-032	public/images/studio-relationship.jpg	02-collect/assets/official-site-images/restricted-child-rights/ASSET-032--IMG_4258.jpg	Home program index; Programs Kindergarten	Several children work together with open-ended materials around a studio table.	Approved by user for this Garden Gate repository/preview project	Reconfirm current parent or guardian consent, photographer rights, crop, context, displayed creative works, and alt text before launch.
ASSET-240	public/images/people/dawn-warner.jpg	02-collect/assets/official-site-images/team-portraits-unverified/ASSET-240--Photoroom_20250903_164655.jpg	People — year-round team portrait	Portrait of Dawn Warner.	Approved by user for this Garden Gate repository/Preview project	Reconfirm identity, current role, depicted-adult permission, photographer rights, crop, and alt text before launch.
ASSET-260	public/images/people/laura-noonan.jpg	02-collect/assets/official-site-images/team-portraits-unverified/ASSET-260--Photoroom_20250903_122734.jpg	People — year-round team portrait	Portrait of Laura Noonan.	Approved by user for this Garden Gate repository/Preview project	Reconfirm identity, current role, depicted-adult permission, photographer rights, crop, and alt text before launch.
ASSET-001	public/images/people/leigh-ann-yuen.jpg	02-collect/assets/official-site-images/team-portraits-unverified/ASSET-001--savingPNG.jpg	People — year-round team portrait	Portrait of Leigh Ann Yuen.	Approved by user for this Garden Gate repository/Preview project	Reconfirm identity, current role, depicted-adult permission, photographer rights, crop, and alt text before launch.
ASSET-002	public/images/people/delia-gibson.jpg	02-collect/assets/official-site-images/team-portraits-unverified/ASSET-002--Photoroom_20250904_124726.jpg	People — year-round team portrait	Portrait of Delia Gibson.	Approved by user for this Garden Gate repository/Preview project	Reconfirm identity, current role, depicted-adult permission, photographer rights, crop, and alt text before launch.
ASSET-011	public/images/people/sandra-miller.jpg	02-collect/assets/official-site-images/team-portraits-unverified/ASSET-011--PhotoRoom_20210304_135239.jpg	People — year-round team portrait	Portrait of Sandra Miller.	Approved by user for this Garden Gate repository/Preview project	Reconfirm identity, current role, depicted-adult permission, photographer rights, crop, and alt text before launch.
ASSET-261	public/images/people/francielen-ferreira.jpg	02-collect/assets/official-site-images/team-portraits-unverified/ASSET-261--Photoroom_20250903_124749.jpg	People — year-round team portrait	Portrait of Francielen Ferreira.	Approved by user for this Garden Gate repository/Preview project	Reconfirm identity, current role, depicted-adult permission, photographer rights, crop, and alt text before launch.
ASSET-258	public/images/people/trina-welch.jpg	02-collect/assets/official-site-images/team-portraits-unverified/ASSET-258--Trina-Welch.jpg	People — year-round team portrait	Portrait of Trina Welch.	Approved by user for this Garden Gate repository/Preview project	Reconfirm identity, current role, depicted-adult permission, photographer rights, crop, and alt text before launch.
ASSET-248	public/images/people/buffy-carroll.jpg	02-collect/assets/official-site-images/team-portraits-unverified/ASSET-248--Photoroom_20250903_113934.jpg	People — year-round team portrait	Portrait of Buffy Carroll.	Approved by user for this Garden Gate repository/Preview project	Reconfirm identity, current role, depicted-adult permission, photographer rights, crop, and alt text before launch.
ASSET-239	public/images/people/krista-brown.jpg	02-collect/assets/official-site-images/team-portraits-unverified/ASSET-239--Photoroom_20250904_125629.jpg	People — year-round team portrait	Portrait of Krista Brown.	Approved by user for this Garden Gate repository/Preview project	Reconfirm identity, current role, depicted-adult permission, photographer rights, crop, and alt text before launch.
